Bookmaker,Accuracy,Log Loss
B365,0.5443592552026287,0.978879162921666
BW,0.5432639649507119,0.9782115378245124
IW,0.5438116100766703,0.9785021436058844
PS,0.5399780941949617,0.9774508189521873
